timestamp_utc,sample,id,model_number,model,cw_limit,ccw_limit,resolution_divider,torque_enable,goal_ticks,present_ticks,voltage_raw,temperature_c,pose_confirmed,error,firmware_version,device_id,baud_register,return_delay,temperature_limit_c,voltage_min_raw,voltage_max_raw,max_torque,status_return_level,multiturn_offset_raw,d_gain,i_gain,p_gain,moving_speed_raw,torque_limit,present_speed_raw,present_load_raw,registered_instruction,moving,torque_control_mode,operating_mode_inferred
2026-10-04T11:01:30.629307+00:00,1,1,29,MX-28,0,4095,1,1,2048,2046,120,39,True,,41,1,1,250,80,60,160,1023,2,0,0,0,32,20,1023,0,1040,0,0,,joint
2026-10-04T11:01:30.634943+00:00,1,2,29,MX-28,0,4095,1,1,2048,2053,121,39,True,,41,2,1,250,80,60,160,1023,2,0,0,0,32,20,1023,0,48,0,0,,joint
2026-10-04T11:01:30.640839+00:00,1,3,29,MX-28,0,4095,1,1,2048,2046,117,45,True,,41,3,1,250,80,60,160,1023,2,0,0,0,32,20,1023,0,1040,0,0,,joint
2026-10-04T11:01:30.646795+00:00,1,4,29,MX-28,0,4095,1,1,2048,2054,118,42,True,,41,4,1,250,80,60,160,1023,2,0,0,0,32,20,1023,0,48,0,0,,joint
2026-10-04T11:01:30.652810+00:00,1,5,29,MX-28,0,4095,1,1,2048,2044,117,39,True,,41,5,1,250,80,60,160,1023,2,0,0,0,32,20,1023,0,1056,0,0,,joint
2026-10-04T11:01:30.658787+00:00,1,6,29,MX-28,0,4095,1,1,2048,2051,117,38,True,,41,6,1,250,80,60,160,1023,2,0,0,0,32,20,1023,0,24,0,0,,joint
2026-10-04T11:01:30.664795+00:00,1,7,310,MX-64,0,4095,1,1,2048,2050,120,38,True,,41,7,1,250,80,60,160,1023,2,0,0,0,32,20,1023,0,24,0,0,0,joint
2026-10-04T11:01:30.673792+00:00,1,8,310,MX-64,0,4095,1,1,1946,1942,112,43,True,,41,8,1,250,80,60,160,1023,2,0,0,0,32,20,1023,0,1056,0,0,0,joint
2026-10-04T11:01:30.681761+00:00,1,9,310,MX-64,0,4095,1,1,2048,2042,118,36,True,,41,9,1,250,80,60,160,1023,2,0,0,0,32,20,1023,0,1072,0,0,0,joint
2026-10-04T11:01:30.689776+00:00,1,10,310,MX-64,0,4095,1,1,2048,2043,110,38,True,,41,10,1,250,80,60,160,1023,2,0,0,0,32,20,1023,0,1064,0,0,0,joint
2026-10-04T11:01:30.698733+00:00,1,11,310,MX-64,0,4095,1,1,2048,2054,115,37,True,,41,11,1,250,80,60,160,1023,2,0,0,0,32,20,1023,0,48,0,0,0,joint
2026-10-04T11:01:30.705743+00:00,1,12,310,MX-64,0,4095,1,1,2081,2086,110,38,True,,41,12,1,250,80,60,160,1023,2,0,0,0,32,20,1023,0,40,0,0,0,joint
2026-10-04T11:01:30.712741+00:00,1,13,310,MX-64,0,4095,1,1,2048,2053,115,37,True,,41,13,1,250,80,60,160,1023,2,0,0,0,32,20,1023,0,48,0,0,0,joint
2026-10-04T11:01:30.719744+00:00,1,14,310,MX-64,0,4095,1,1,2048,2054,110,36,True,,41,14,1,250,80,60,160,1023,2,0,0,0,32,20,1023,0,48,0,0,0,joint
2026-10-04T11:01:30.727751+00:00,1,15,310,MX-64,0,4095,1,1,2048,2038,112,35,True,,41,15,1,250,80,60,160,1023,2,0,0,0,32,20,1023,0,1104,0,0,0,joint
2026-10-04T11:01:30.735780+00:00,1,16,310,MX-64,0,4095,1,1,2048,2041,104,36,True,,41,16,1,250,80,60,160,1023,2,0,0,0,32,20,1023,0,1080,0,0,0,joint
2026-10-04T11:01:30.744734+00:00,1,17,310,MX-64,0,4095,1,1,2048,2053,114,36,True,,41,17,1,250,80,60,160,1023,2,0,0,0,32,20,1023,0,40,0,0,0,joint
2026-10-04T11:01:30.752748+00:00,1,18,310,MX-64,0,4095,1,1,2048,2055,110,37,True,,41,18,1,250,80,60,160,1023,2,0,0,0,32,20,1023,0,64,0,0,0,joint
2026-10-04T11:01:30.759744+00:00,1,19,29,MX-28,0,4095,1,1,2048,2057,118,42,True,,41,19,1,250,80,60,160,1023,2,0,0,0,32,20,1023,0,72,0,0,,joint
2026-10-04T11:01:30.764788+00:00,1,20,29,MX-28,0,4095,1,1,2048,2055,116,41,True,,41,20,1,250,80,60,160,1023,2,0,0,0,32,20,1023,0,56,0,0,,joint
2026-10-04T11:01:31.271450+00:00,2,1,29,MX-28,0,4095,1,1,2048,2046,120,39,True,,41,1,1,250,80,60,160,1023,2,0,0,0,32,20,1023,0,1040,0,0,,joint
2026-10-04T11:01:31.277046+00:00,2,2,29,MX-28,0,4095,1,1,2048,2053,121,39,True,,41,2,1,250,80,60,160,1023,2,0,0,0,32,20,1023,0,48,0,0,,joint
2026-10-04T11:01:31.282942+00:00,2,3,29,MX-28,0,4095,1,1,2048,2046,117,45,True,,41,3,1,250,80,60,160,1023,2,0,0,0,32,20,1023,0,1040,0,0,,joint
2026-10-04T11:01:31.288944+00:00,2,4,29,MX-28,0,4095,1,1,2048,2054,118,42,True,,41,4,1,250,80,60,160,1023,2,0,0,0,32,20,1023,0,48,0,0,,joint
2026-10-04T11:01:31.295117+00:00,2,5,29,MX-28,0,4095,1,1,2048,2044,117,39,True,,41,5,1,250,80,60,160,1023,2,0,0,0,32,20,1023,0,1056,0,0,,joint
2026-10-04T11:01:31.300852+00:00,2,6,29,MX-28,0,4095,1,1,2048,2051,117,38,True,,41,6,1,250,80,60,160,1023,2,0,0,0,32,20,1023,0,24,0,0,,joint
2026-10-04T11:01:31.306933+00:00,2,7,310,MX-64,0,4095,1,1,2048,2050,120,38,True,,41,7,1,250,80,60,160,1023,2,0,0,0,32,20,1023,0,24,0,0,0,joint
2026-10-04T11:01:31.315784+00:00,2,8,310,MX-64,0,4095,1,1,1946,1942,112,43,True,,41,8,1,250,80,60,160,1023,2,0,0,0,32,20,1023,0,1056,0,0,0,joint
2026-10-04T11:01:31.324888+00:00,2,9,310,MX-64,0,4095,1,1,2048,2042,118,36,True,,41,9,1,250,80,60,160,1023,2,0,0,0,32,20,1023,0,1072,0,0,0,joint
2026-10-04T11:01:31.333780+00:00,2,10,310,MX-64,0,4095,1,1,2048,2043,110,38,True,,41,10,1,250,80,60,160,1023,2,0,0,0,32,20,1023,0,1064,0,0,0,joint
2026-10-04T11:01:31.342887+00:00,2,11,310,MX-64,0,4095,1,1,2048,2054,115,37,True,,41,11,1,250,80,60,160,1023,2,0,0,0,32,20,1023,0,48,0,0,0,joint
2026-10-04T11:01:31.351716+00:00,2,12,310,MX-64,0,4095,1,1,2081,2086,110,38,True,,41,12,1,250,80,60,160,1023,2,0,0,0,32,20,1023,0,40,0,0,0,joint
2026-10-04T11:01:31.360748+00:00,2,13,310,MX-64,0,4095,1,1,2048,2053,115,37,True,,41,13,1,250,80,60,160,1023,2,0,0,0,32,20,1023,0,48,0,0,0,joint
2026-10-04T11:01:31.369754+00:00,2,14,310,MX-64,0,4095,1,1,2048,2054,110,36,True,,41,14,1,250,80,60,160,1023,2,0,0,0,32,20,1023,0,48,0,0,0,joint
2026-10-04T11:01:31.378720+00:00,2,15,310,MX-64,0,4095,1,1,2048,2038,112,35,True,,41,15,1,250,80,60,160,1023,2,0,0,0,32,20,1023,0,1104,0,0,0,joint
2026-10-04T11:01:31.386772+00:00,2,16,310,MX-64,0,4095,1,1,2048,2041,105,36,True,,41,16,1,250,80,60,160,1023,2,0,0,0,32,20,1023,0,1080,0,0,0,joint
2026-10-04T11:01:31.395766+00:00,2,17,310,MX-64,0,4095,1,1,2048,2053,114,36,True,,41,17,1,250,80,60,160,1023,2,0,0,0,32,20,1023,0,40,0,0,0,joint
2026-10-04T11:01:31.404873+00:00,2,18,310,MX-64,0,4095,1,1,2048,2055,110,37,True,,41,18,1,250,80,60,160,1023,2,0,0,0,32,20,1023,0,64,0,0,0,joint
2026-10-04T11:01:31.413803+00:00,2,19,29,MX-28,0,4095,1,1,2048,2057,118,42,True,,41,19,1,250,80,60,160,1023,2,0,0,0,32,20,1023,0,72,0,0,,joint
2026-10-04T11:01:31.419824+00:00,2,20,29,MX-28,0,4095,1,1,2048,2055,116,41,True,,41,20,1,250,80,60,160,1023,2,0,0,0,32,20,1023,0,56,0,0,,joint
2026-10-04T11:01:31.926495+00:00,3,1,29,MX-28,0,4095,1,1,2048,2045,120,39,True,,41,1,1,250,80,60,160,1023,2,0,0,0,32,20,1023,0,1048,0,0,,joint
2026-10-04T11:01:31.933175+00:00,3,2,29,MX-28,0,4095,1,1,2048,2053,121,39,True,,41,2,1,250,80,60,160,1023,2,0,0,0,32,20,1023,0,48,0,0,,joint
2026-10-04T11:01:31.938941+00:00,3,3,29,MX-28,0,4095,1,1,2048,2046,117,45,True,,41,3,1,250,80,60,160,1023,2,0,0,0,32,20,1023,0,1040,0,0,,joint
2026-10-04T11:01:31.945059+00:00,3,4,29,MX-28,0,4095,1,1,2048,2054,118,42,True,,41,4,1,250,80,60,160,1023,2,0,0,0,32,20,1023,0,48,0,0,,joint
2026-10-04T11:01:31.950828+00:00,3,5,29,MX-28,0,4095,1,1,2048,2044,117,39,True,,41,5,1,250,80,60,160,1023,2,0,0,0,32,20,1023,0,1056,0,0,,joint
2026-10-04T11:01:31.956785+00:00,3,6,29,MX-28,0,4095,1,1,2048,2051,117,38,True,,41,6,1,250,80,60,160,1023,2,0,0,0,32,20,1023,0,24,0,0,,joint
2026-10-04T11:01:31.962953+00:00,3,7,310,MX-64,0,4095,1,1,2048,2050,121,38,True,,41,7,1,250,80,60,160,1023,2,0,0,0,32,20,1023,0,24,0,0,0,joint
2026-10-04T11:01:31.971775+00:00,3,8,310,MX-64,0,4095,1,1,1946,1943,112,43,True,,41,8,1,250,80,60,160,1023,2,0,0,0,32,20,1023,0,1048,0,0,0,joint
2026-10-04T11:01:31.980809+00:00,3,9,310,MX-64,0,4095,1,1,2048,2042,118,36,True,,41,9,1,250,80,60,160,1023,2,0,0,0,32,20,1023,0,1072,0,0,0,joint
2026-10-04T11:01:31.988694+00:00,3,10,310,MX-64,0,4095,1,1,2048,2043,110,38,True,,41,10,1,250,80,60,160,1023,2,0,0,0,32,20,1023,0,1064,0,0,0,joint
2026-10-04T11:01:31.997789+00:00,3,11,310,MX-64,0,4095,1,1,2048,2054,115,37,True,,41,11,1,250,80,60,160,1023,2,0,0,0,32,20,1023,0,48,0,0,0,joint
2026-10-04T11:01:32.006746+00:00,3,12,310,MX-64,0,4095,1,1,2081,2086,108,38,True,,41,12,1,250,80,60,160,1023,2,0,0,0,32,20,1023,0,40,0,0,0,joint
2026-10-04T11:01:32.015741+00:00,3,13,310,MX-64,0,4095,1,1,2048,2053,115,37,True,,41,13,1,250,80,60,160,1023,2,0,0,0,32,20,1023,0,48,0,0,0,joint
2026-10-04T11:01:32.023690+00:00,3,14,310,MX-64,0,4095,1,1,2048,2053,110,36,True,,41,14,1,250,80,60,160,1023,2,0,0,0,32,20,1023,0,40,0,0,0,joint
2026-10-04T11:01:32.033325+00:00,3,15,310,MX-64,0,4095,1,1,2048,2038,112,35,True,,41,15,1,250,80,60,160,1023,2,0,0,0,32,20,1023,0,1104,0,0,0,joint
2026-10-04T11:01:32.041783+00:00,3,16,310,MX-64,0,4095,1,1,2048,2041,106,36,True,,41,16,1,250,80,60,160,1023,2,0,0,0,32,20,1023,0,1080,0,0,0,joint
2026-10-04T11:01:32.049706+00:00,3,17,310,MX-64,0,4095,1,1,2048,2053,114,36,True,,41,17,1,250,80,60,160,1023,2,0,0,0,32,20,1023,0,40,0,0,0,joint
2026-10-04T11:01:32.057698+00:00,3,18,310,MX-64,0,4095,1,1,2048,2055,110,37,True,,41,18,1,250,80,60,160,1023,2,0,0,0,32,20,1023,0,64,0,0,0,joint
2026-10-04T11:01:32.066901+00:00,3,19,29,MX-28,0,4095,1,1,2048,2057,118,42,True,,41,19,1,250,80,60,160,1023,2,0,0,0,32,20,1023,0,72,0,0,,joint
2026-10-04T11:01:32.072763+00:00,3,20,29,MX-28,0,4095,1,1,2048,2055,116,41,True,,41,20,1,250,80,60,160,1023,2,0,0,0,32,20,1023,0,56,0,0,,joint
2026-10-04T11:01:32.579281+00:00,4,1,29,MX-28,0,4095,1,1,2048,2046,120,39,True,,41,1,1,250,80,60,160,1023,2,0,0,0,32,20,1023,0,1040,0,0,,joint
2026-10-04T11:01:32.585180+00:00,4,2,29,MX-28,0,4095,1,1,2048,2053,121,39,True,,41,2,1,250,80,60,160,1023,2,0,0,0,32,20,1023,0,48,0,0,,joint
2026-10-04T11:01:32.590889+00:00,4,3,29,MX-28,0,4095,1,1,2048,2046,117,45,True,,41,3,1,250,80,60,160,1023,2,0,0,0,32,20,1023,0,1040,0,0,,joint
2026-10-04T11:01:32.596885+00:00,4,4,29,MX-28,0,4095,1,1,2048,2054,118,42,True,,41,4,1,250,80,60,160,1023,2,0,0,0,32,20,1023,0,48,0,0,,joint
2026-10-04T11:01:32.602771+00:00,4,5,29,MX-28,0,4095,1,1,2048,2043,117,39,True,,41,5,1,250,80,60,160,1023,2,0,0,0,32,20,1023,0,1064,0,0,,joint
2026-10-04T11:01:32.608846+00:00,4,6,29,MX-28,0,4095,1,1,2048,2051,117,38,True,,41,6,1,250,80,60,160,1023,2,0,0,0,32,20,1023,0,24,0,0,,joint
2026-10-04T11:01:32.614895+00:00,4,7,310,MX-64,0,4095,1,1,2048,2050,120,38,True,,41,7,1,250,80,60,160,1023,2,0,0,0,32,20,1023,0,24,0,0,0,joint
2026-10-04T11:01:32.623663+00:00,4,8,310,MX-64,0,4095,1,1,1946,1943,113,43,True,,41,8,1,250,80,60,160,1023,2,0,0,0,32,20,1023,0,1048,0,0,0,joint
2026-10-04T11:01:32.632783+00:00,4,9,310,MX-64,0,4095,1,1,2048,2042,118,36,True,,41,9,1,250,80,60,160,1023,2,0,0,0,32,20,1023,0,1072,0,0,0,joint
2026-10-04T11:01:32.642058+00:00,4,10,310,MX-64,0,4095,1,1,2048,2043,111,38,True,,41,10,1,250,80,60,160,1023,2,0,0,0,32,20,1023,0,1064,0,0,0,joint
2026-10-04T11:01:32.650773+00:00,4,11,310,MX-64,0,4095,1,1,2048,2054,115,37,True,,41,11,1,250,80,60,160,1023,2,0,0,0,32,20,1023,0,48,0,0,0,joint
2026-10-04T11:01:32.659713+00:00,4,12,310,MX-64,0,4095,1,1,2081,2086,110,38,True,,41,12,1,250,80,60,160,1023,2,0,0,0,32,20,1023,0,40,0,0,0,joint
2026-10-04T11:01:32.668754+00:00,4,13,310,MX-64,0,4095,1,1,2048,2053,115,37,True,,41,13,1,250,80,60,160,1023,2,0,0,0,32,20,1023,0,48,0,0,0,joint
2026-10-04T11:01:32.676725+00:00,4,14,310,MX-64,0,4095,1,1,2048,2054,110,36,True,,41,14,1,250,80,60,160,1023,2,0,0,0,32,20,1023,0,48,0,0,0,joint
2026-10-04T11:01:32.685854+00:00,4,15,310,MX-64,0,4095,1,1,2048,2038,112,35,True,,41,15,1,250,80,60,160,1023,2,0,0,0,32,20,1023,0,1104,0,0,0,joint
2026-10-04T11:01:32.693719+00:00,4,16,310,MX-64,0,4095,1,1,2048,2040,107,36,True,,41,16,1,250,80,60,160,1023,2,0,0,0,32,20,1023,0,1088,0,0,0,joint
2026-10-04T11:01:32.702635+00:00,4,17,310,MX-64,0,4095,1,1,2048,2053,114,36,True,,41,17,1,250,80,60,160,1023,2,0,0,0,32,20,1023,0,40,0,0,0,joint
2026-10-04T11:01:32.712196+00:00,4,18,310,MX-64,0,4095,1,1,2048,2055,111,37,True,,41,18,1,250,80,60,160,1023,2,0,0,0,32,20,1023,0,64,0,0,0,joint
2026-10-04T11:01:32.720695+00:00,4,19,29,MX-28,0,4095,1,1,2048,2057,118,42,True,,41,19,1,250,80,60,160,1023,2,0,0,0,32,20,1023,0,72,0,0,,joint
2026-10-04T11:01:32.726860+00:00,4,20,29,MX-28,0,4095,1,1,2048,2055,116,41,True,,41,20,1,250,80,60,160,1023,2,0,0,0,32,20,1023,0,56,0,0,,joint
2026-10-04T11:01:33.234969+00:00,5,1,29,MX-28,0,4095,1,1,2048,2046,120,39,True,,41,1,1,250,80,60,160,1023,2,0,0,0,32,20,1023,0,1040,0,0,,joint
2026-10-04T11:01:33.241089+00:00,5,2,29,MX-28,0,4095,1,1,2048,2053,121,39,True,,41,2,1,250,80,60,160,1023,2,0,0,0,32,20,1023,0,48,0,0,,joint
2026-10-04T11:01:33.246973+00:00,5,3,29,MX-28,0,4095,1,1,2048,2046,117,45,True,,41,3,1,250,80,60,160,1023,2,0,0,0,32,20,1023,0,1040,0,0,,joint
2026-10-04T11:01:33.252914+00:00,5,4,29,MX-28,0,4095,1,1,2048,2054,118,42,True,,41,4,1,250,80,60,160,1023,2,0,0,0,32,20,1023,0,48,0,0,,joint
2026-10-04T11:01:33.258769+00:00,5,5,29,MX-28,0,4095,1,1,2048,2044,117,39,True,,41,5,1,250,80,60,160,1023,2,0,0,0,32,20,1023,0,1056,0,0,,joint
2026-10-04T11:01:33.264667+00:00,5,6,29,MX-28,0,4095,1,1,2048,2051,117,38,True,,41,6,1,250,80,60,160,1023,2,0,0,0,32,20,1023,0,24,0,0,,joint
2026-10-04T11:01:33.270827+00:00,5,7,310,MX-64,0,4095,1,1,2048,2050,120,38,True,,41,7,1,250,80,60,160,1023,2,0,0,0,32,20,1023,0,24,0,0,0,joint
2026-10-04T11:01:33.279678+00:00,5,8,310,MX-64,0,4095,1,1,1946,1942,112,43,True,,41,8,1,250,80,60,160,1023,2,0,0,0,32,20,1023,0,1056,0,0,0,joint
2026-10-04T11:01:33.288746+00:00,5,9,310,MX-64,0,4095,1,1,2048,2042,118,36,True,,41,9,1,250,80,60,160,1023,2,0,0,0,32,20,1023,0,1072,0,0,0,joint
2026-10-04T11:01:33.297759+00:00,5,10,310,MX-64,0,4095,1,1,2048,2043,111,38,True,,41,10,1,250,80,60,160,1023,2,0,0,0,32,20,1023,0,1064,0,0,0,joint
2026-10-04T11:01:33.306782+00:00,5,11,310,MX-64,0,4095,1,1,2048,2054,115,37,True,,41,11,1,250,80,60,160,1023,2,0,0,0,32,20,1023,0,48,0,0,0,joint
2026-10-04T11:01:33.315668+00:00,5,12,310,MX-64,0,4095,1,1,2081,2086,110,38,True,,41,12,1,250,80,60,160,1023,2,0,0,0,32,20,1023,0,40,0,0,0,joint
2026-10-04T11:01:33.324721+00:00,5,13,310,MX-64,0,4095,1,1,2048,2053,115,37,True,,41,13,1,250,80,60,160,1023,2,0,0,0,32,20,1023,0,48,0,0,0,joint
2026-10-04T11:01:33.333710+00:00,5,14,310,MX-64,0,4095,1,1,2048,2054,110,36,True,,41,14,1,250,80,60,160,1023,2,0,0,0,32,20,1023,0,48,0,0,0,joint
2026-10-04T11:01:33.342697+00:00,5,15,310,MX-64,0,4095,1,1,2048,2038,112,35,True,,41,15,1,250,80,60,160,1023,2,0,0,0,32,20,1023,0,1104,0,0,0,joint
2026-10-04T11:01:33.350609+00:00,5,16,310,MX-64,0,4095,1,1,2048,2041,107,36,True,,41,16,1,250,80,60,160,1023,2,0,0,0,32,20,1023,0,1080,0,0,0,joint
2026-10-04T11:01:33.359674+00:00,5,17,310,MX-64,0,4095,1,1,2048,2053,113,36,True,,41,17,1,250,80,60,160,1023,2,0,0,0,32,20,1023,0,40,0,0,0,joint
2026-10-04T11:01:33.368740+00:00,5,18,310,MX-64,0,4095,1,1,2048,2055,110,37,True,,41,18,1,250,80,60,160,1023,2,0,0,0,32,20,1023,0,64,0,0,0,joint
2026-10-04T11:01:33.377643+00:00,5,19,29,MX-28,0,4095,1,1,2048,2057,118,42,True,,41,19,1,250,80,60,160,1023,2,0,0,0,32,20,1023,0,72,0,0,,joint
2026-10-04T11:01:33.383706+00:00,5,20,29,MX-28,0,4095,1,1,2048,2055,116,41,True,,41,20,1,250,80,60,160,1023,2,0,0,0,32,20,1023,0,56,0,0,,joint
